<?xml version="1.0" encoding="utf-8"?>
<ns2:SubsanacionModificacionTicketBAI xmlns:ns2="urn:ticketbai:zuzendu-alta">
    <Cabecera xmlns="">
        <IDVersion>1.0</IDVersion>
        <Accion>SUBSANAR</Accion>
    </Cabecera>
    	<Sujetos xmlns="">
		<Emisor>
			<NIF>99999972C</NIF>
			<ApellidosNombreRazonSocial>CIUDADANO FICTICIO ACTIVO</ApellidosNombreRazonSocial>
		</Emisor>
		<Destinatarios>
			<IDDestinatario>
				<NIF>12345678Z</NIF>
				<ApellidosNombreRazonSocial>COMPRADOR FICTICIO</ApellidosNombreRazonSocial>
				<CodigoPostal>48260</CodigoPostal>
				<Direccion>ZUBIAURRE, Nº 38 --- 2 B</Direccion>
			</IDDestinatario>
		</Destinatarios>
		<VariosDestinatarios>N</VariosDestinatarios>
	</Sujetos>
	<Factura xmlns="">
		<CabeceraFactura>
			<SerieFactura>ZUZENDU-REST</SerieFactura>
			<NumFactura>1</NumFactura>
			<FechaExpedicionFactura>21-01-2022</FechaExpedicionFactura>
			<HoraExpedicionFactura>09:30:00</HoraExpedicionFactura>
			<FacturaSimplificada>N</FacturaSimplificada>
			<FacturaEmitidaSustitucionSimplificada>N</FacturaEmitidaSustitucionSimplificada>
		</CabeceraFactura>
		<DatosFactura>
			<FechaOperacion>21-01-2022</FechaOperacion>
			<DescripcionFactura>Faktura Zuzentzeko</DescripcionFactura>
			<DetallesFactura>
				<IDDetalleFactura>
					<DescripcionDetalle>Deskripzioa</DescripcionDetalle>
					<Cantidad>1.00000000</Cantidad>
					<ImporteUnitario>20.00000000</ImporteUnitario>
					<Descuento>0.00000000</Descuento>
					<ImporteTotal>22.00000000</ImporteTotal>
				</IDDetalleFactura>
			</DetallesFactura>
			<ImporteTotalFactura>22.00</ImporteTotalFactura>
			<RetencionSoportada>0.00</RetencionSoportada>
			<Claves>
				<IDClave>
					<ClaveRegimenIvaOpTrascendencia>01</ClaveRegimenIvaOpTrascendencia>
				</IDClave>
			</Claves>
		</DatosFactura>
		<TipoDesglose>
			<DesgloseFactura>
				<Sujeta>
					<NoExenta>
						<DetalleNoExenta>
							<TipoNoExenta>S1</TipoNoExenta>
							<DesgloseIVA>
								<DetalleIVA>
									<BaseImponible>20.00</BaseImponible>
									<TipoImpositivo>10.00</TipoImpositivo>
									<CuotaImpuesto>2.00</CuotaImpuesto>
									<TipoRecargoEquivalencia>0.00</TipoRecargoEquivalencia>
									<CuotaRecargoEquivalencia>0.00</CuotaRecargoEquivalencia>
								</DetalleIVA>
							</DesgloseIVA>
						</DetalleNoExenta>
					</NoExenta>
				</Sujeta>
			</DesgloseFactura>
		</TipoDesglose>
	</Factura>
	<HuellaTBAI xmlns="">
		<Software>
			<LicenciaTBAI>TBAIGI79FABB8C8D0C85</LicenciaTBAI>
			<EntidadDesarrolladora>
				<NIF>P2000000F</NIF>
			</EntidadDesarrolladora>
			<Nombre>FAKTURABAI</Nombre>
			<Version>1.0</Version>
		</Software>
		<NumSerieDispositivo ></NumSerieDispositivo>
	</HuellaTBAI>
    <SignatureValueFirmaFactura>BaJWauj62ngGIg2QSVjWBNk2SXyPF+uJDIaANsmhHqK4hIpgPhf+CTR3UjGO01gJgl3YtGSDOiP7ARUpIERSfSt4V/4nUiixeBe2</SignatureValueFirmaFactura>
</ns2:SubsanacionModificacionTicketBAI>

