<?xml version="1.0" encoding="UTF-8"?>
<T:OsatuTicketBAI xmlns:T="urn:ticketbai:osatu">
	<Cabecera>
		<IDVersion>1.0</IDVersion>
	</Cabecera>
	<IDFactura>
		<NIF>99999970C</NIF>
		<SerieFactura>TestOsatu</SerieFactura>
		<NumFactura>1</NumFactura>
		<FechaExpedicionFactura>01-04-2022</FechaExpedicionFactura>
	</IDFactura>
	<OsatuOtrosDatosTributarios>
	<ReferenciaExterna>REF-111</ReferenciaExterna>
	<Inmuebles>
	<DetalleInmueble>
		<SituacionInmueble>2</SituacionInmueble>
		<ReferenciaCatastral>0000000000000000000000000</ReferenciaCatastral>
	</DetalleInmueble>
	</Inmuebles>
	<ImporteTransmisionInmueblesSujetoAIVA>100.00</ImporteTransmisionInmueblesSujetoAIVA>
	<NIFRepresentante>99999970C</NIFRepresentante>
	<NIFRepresentanteContraparte>12345678Z</NIFRepresentanteContraparte>
	<EntidadSucedida>
		<NIF>B00000001</NIF>
		<ApellidosNombreRazonSocial>EMPRESA TEST</ApellidosNombreRazonSocial>
	</EntidadSucedida>
	<Cupon>S</Cupon>
	</OsatuOtrosDatosTributarios>
</T:OsatuTicketBAI>